mins,fgm,fga,3pm,3pa,ftm,fta,dreb,oreb,reb,ast,stl,blk,to,pf,+/-,pts
15.4019558911,2.63083389286,5.63557374198,0.31990521327,1.0,1.34515592677,2.72521246459,0.675679358633,2.40440280334,3.09859539633,0.820678780553,0.292753623188,0.133223684211,0.718130311615,1.4356846473,-1.73157522833,7.40685199751
23.5292273032,4.55552579841,9.48446053065,0.00642398286938,0.0261660978385,2.37334613539,2.18181818182,1.64401493931,5.21950151246,7.25184900416,1.66882374795,0.761557177616,0.696629213483,1.03240740741,2.74566473988,-0.305674513487,12.5409279749
33.7304185229,6.87051065162,15.2333562974,1.0394265233,3.72865853659,3.6313188343,6.79032258065,1.24461867282,4.77336635252,6.18095114552,2.61850942989,0.761557177616,0.322404371585,1.37391304348,2.35322195704,-0.465848082054,19.450755163
36.0295825328,6.24643943584,14.12400315,1.30626450116,3.72865853659,2.63948300075,2.18181818182,1.72866125525,6.0596612942,8.09318823023,3.82458601992,0.761557177616,1.46875,1.36460176991,1.88405797101,1.73179294964,17.0528809914
8.33220418895,0.856219774976,1.80739229718,0.164859002169,0.830508474576,0.432371858846,0.576470588235,0.58368717853,1.39266142454,1.94648642461,0.631021511519,0.128038897893,0.133223684211,0.507972665148,0.785714285714,-1.66075965114,1.96240411313
0.850255608028,0.0648473106385,0.00997648215434,0.00642398286938,0.0261660978385,-0.0794419167029,0.19020979021,0.172213409353,0.151786776885,0.186211942074,-0.00610339024382,0.0463768115942,0.0328317373461,0.0772277227723,0.263910969793,0.970341454479,-0.0298403254874
14.1707636457,2.90252833039,6.63087238006,0.31990521327,1.92156862745,1.53128363734,0.910112359551,0.602607393928,1.50272517218,2.04842224165,0.874461854247,0.362790697674,0.133223684211,0.507972665148,1.11805555556,-2.78101517439,8.14437993029
34.9233065944,6.05038619654,13.6082491232,1.65976331361,3.64406779661,2.86040988721,3.4094488189,0.849123372689,3.54590604311,4.20157276911,4.07814062289,1.6625,0.322404371585,2.35796766744,1.88405797101,-0.559980280568,16.3324356481
1.23401317037,0.0932011432078,0.258137643435,0.00642398286938,0.0261660978385,-0.035320362674,0.19020979021,0.252644077185,0.160754570886,0.324124822195,0.0438348865542,0.128038897893,0.133223684211,0.0772277227723,0.263910969793,-0.918452252279,0.104848657958
22.5735308398,2.11315842711,4.78575469772,0.67125984252,1.86475409836,0.541322628568,0.576470588235,0.597766698325,2.44647844041,2.85923905711,1.24106069635,0.292753623188,0.133223684211,0.718130311615,1.67678300455,-2.72414230079,5.38770169329
3.17457005917,0.523241253683,1.07671898134,0.164859002169,0.31750339213,0.199978339367,0.19020979021,0.183846151917,0.198561417425,0.274253354878,0.551586659292,0.128038897893,0.0328317373461,0.617647058824,0.263910969793,-1.29622948471,1.38719546777
18.1141069757,2.30371792417,5.18446180526,0.31990521327,0.31750339213,0.910648611465,0.910112359551,1.24593266071,3.96093497122,5.47486041398,1.55311307895,0.761557177616,1.09917355372,0.718130311615,2.35322195704,1.84369218268,5.7123436667
24.4437065189,2.91992812464,5.89218875354,0.00642398286938,0.0261660978385,1.46904313646,10.5,1.51742559737,4.80989342739,6.72756908364,2.60705739964,0.761557177616,1.09917355372,1.37391304348,3.23989218329,2.6151839719,7.66978493625
2.31558791812,0.178194440834,0.527540293683,0.164859002169,0.561085972851,-0.00980817792663,0.19020979021,0.235825918869,0.166793202967,0.338597800326,0.131219631219,0.128038897893,0.0328317373461,0.322259136213,0.263910969793,-0.199515544045,0.405374969932
29.6327193636,3.57596428664,7.83376539717,1.61739130435,4.5799522673,1.30571374511,1.34134615385,0.777023383986,3.2639849901,3.91822669362,2.10210896118,0.761557177616,0.322404371585,0.718130311615,1.88405797101,1.88642161228,9.06005884545
32.5675492434,6.54807546791,14.519238984,1.65976331361,4.5799522673,3.42757393994,3.4094488189,0.797730131032,3.13908351164,3.82876139406,4.07381655213,1.06998158379,0.224669603524,2.35796766744,1.67678300455,-3.16127968066,18.1427927323
16.7474790767,2.32505641851,5.13072363429,0.31990521327,0.830508474576,1.12449923799,0.910112359551,0.751441691127,2.33120972303,3.0931238348,0.734349979521,0.388888888889,0.224669603524,0.718130311615,2.38068181818,0.415316065832,5.96955496144
30.0475759921,5.11243640325,10.7259479026,0.00642398286938,0.0261660978385,2.37673841498,2.18181818182,2.02965135678,6.52530109112,9.11376807873,2.01791470156,0.761557177616,1.46875,1.01612903226,2.35322195704,1.47354796513,13.932556228
12.1523342895,1.18058025877,2.78399324735,0.31990521327,1.92156862745,0.398656479664,0.576470588235,0.362784544452,0.910431727962,1.12941383274,0.703109638617,0.362790697674,0.133223684211,0.507972665148,1.11805555556,-1.89292950331,2.84196414058
20.5285796925,3.14679709637,6.68913665171,1.30626450116,2.77647058824,1.33153475694,0.910112359551,1.20683148751,3.96781752234,5.39859919267,1.4287215033,0.227272727273,0.224669603524,1.65384615385,2.74566473988,2.64558303588,8.58098539183
32.9526569087,6.6370267562,13.54673677,1.65976331361,4.5799522673,3.7541646666,6.79032258065,0.996080138528,3.97808629868,4.96018890289,2.59112762922,0.761557177616,0.224669603524,1.37391304348,1.67678300455,0.739384905829,18.5714705381
20.7888482002,2.31992979233,4.94310305106,0.67125984252,1.86475409836,0.950888910586,0.910112359551,0.520438023339,1.90586978741,2.13283947463,1.57449756388,0.292753623188,0.133223684211,1.36460176991,2.17592592593,-0.664820910558,5.51890307684
7.0247009786,1.0445159146,2.26039834352,0.00642398286938,0.0261660978385,0.431165593189,0.910112359551,0.56258922485,1.26010537751,1.84420253248,0.240360875703,0.362790697674,0.484304932735,0.214689265537,0.590625,-1.0444514098,2.62291413202
17.7833966647,2.37318370687,4.66289898847,0.00642398286938,0.0261660978385,1.10442274459,0.910112359551,1.17144082388,3.80933008341,5.04497862536,1.04740930532,0.292753623188,3.0,1.03240740741,2.38068181818,1.76628985371,5.93519306335
30.821415078,5.58700928756,11.9057824992,1.30626450116,4.5799522673,2.77852745383,2.72521246459,1.10504813729,4.10924281878,5.16899123769,2.47180873337,1.6625,0.322404371585,1.01612903226,0.666666666667,3.50666348404,14.9003307088
32.7198267015,7.39438049189,16.0718048771,1.30626450116,3.72865853659,4.07755822846,3.89655172414,0.606378334294,2.87705654785,3.19803923874,4.50465039673,0.761557177616,0.133223684211,2.35796766744,2.35322195704,2.59459166144,20.8716790506
26.7940876933,4.00044450775,8.60664323962,0.31990521327,1.0,1.76086418058,3.4094488189,1.12298295398,3.91474436114,5.07292567029,4.29721857251,0.761557177616,0.364341085271,2.35796766744,1.67678300455,2.61854138087,10.5850186246
11.5606656564,2.0918622269,4.97565879836,0.309090909091,0.823529411765,0.847431803557,0.910112359551,0.763922090952,2.34352738365,3.25325076291,0.720314010398,0.362790697674,0.194968553459,0.507972665148,1.11805555556,-1.17036807626,5.89450843393
30.9362073753,4.8141658702,11.5347508162,0.8,3.13533834586,2.03990312177,3.4094488189,0.838438172297,3.09203290369,3.77163585611,5.09580044402,1.06998158379,0.484304932735,2.82407407407,1.88405797101,-0.793497459679,12.9477451278
16.5279888351,1.93824710073,4.01060223764,0.00642398286938,0.31750339213,0.808145392187,0.576470588235,1.04935274279,3.12696973974,4.35187260467,0.893300418196,0.292753623188,0.224669603524,0.718130311615,2.35322195704,-2.06541263691,4.98855997669
28.6287109212,4.65283322359,10.6037204084,2.41666666667,5.8,2.13744546863,2.18181818182,0.569516684596,2.42080964832,2.73665859684,1.78213581522,0.761557177616,0.133223684211,1.54838709677,1.67678300455,-2.43056839518,12.8324169139
2.3435652983,0.287397145925,0.421520350049,0.00642398286938,0.0261660978385,0.0786878908157,0.19020979021,0.247929151811,0.445897414724,0.578698544321,0.14591909595,0.128038897893,0.133223684211,0.214689265537,0.263910969793,-0.352166857705,0.539747430272
24.303206092,4.41747045972,8.9349504758,0.00642398286938,0.0261660978385,2.27851131581,2.72521246459,1.69056139892,5.55517532063,7.68472686969,1.1042823113,0.528225806452,1.09917355372,1.03240740741,3.23989218329,0.0328897564659,12.0566066668
34.5960944327,7.36009002891,16.8263281466,2.51685393258,3.875,3.6407625932,3.4094488189,0.710526135417,2.94751869188,3.49226938193,3.54544546587,1.06998158379,0.364341085271,2.35796766744,2.35322195704,2.30354157935,21.0053415145
33.7981019497,4.46532598755,9.79402034408,1.65976331361,4.12380952381,1.91434625474,2.18181818182,0.876565578933,3.6210369352,4.35727408545,3.75725549211,1.06998158379,0.224669603524,1.36460176991,1.67678300455,0.717353693214,11.6554184224
1.35434245336,0.180015127954,0.40786801674,0.0752688172043,0.31750339213,0.0527332647198,0.19020979021,0.251045803045,0.0868243034638,0.238617213387,0.171324224037,0.128038897893,0.0328317373461,0.0772277227723,0.263910969793,-1.32915645679,0.341680221745
3.25694741413,0.493825503054,1.23925825545,0.164859002169,0.31750339213,0.223624181238,0.19020979021,0.350927641212,0.425249538924,0.727890916158,0.0772989230017,0.128038897893,0.133223684211,0.0772277227723,0.263910969793,-0.523949528501,1.29970550221
17.5891646264,2.5458192316,5.74925395363,1.0394265233,3.13533834586,1.06927194176,0.910112359551,0.512573973211,1.78196865128,2.19822111518,3.09698845235,0.227272727273,0.0328317373461,1.37391304348,2.05555555556,-2.35404377265,6.82865652458
1.5016436233,0.20081183035,0.532069387132,0.0752688172043,0.31750339213,0.0224853513704,0.19020979021,0.246223054325,0.0294071489466,0.155564709179,-0.0278205184219,0.0463768115942,0.0328317373461,0.0772277227723,0.263910969793,-0.83957284912,0.385271838015
4.0752142562,0.378354993866,0.794657000763,0.00642398286938,0.0261660978385,0.102297978138,0.19020979021,0.312600137668,0.446494687503,0.674526108532,0.0786961493337,0.0463768115942,0.941176470588,0.0772277227723,0.263910969793,0.186711045367,0.808443052261
26.9756588018,5.17346631421,11.2867732111,1.61739130435,2.85714285714,2.64415728375,2.72521246459,0.766347741826,2.48395524394,3.09936279992,3.36081071417,0.761557177616,0.224669603524,1.36460176991,1.88405797101,0.770346674088,14.4575081214
1.51617661388,0.199301620098,0.375123564212,0.00642398286938,0.0261660978385,-0.0046731193072,0.19020979021,0.226864754935,0.320105461648,0.448126623006,0.0714801452506,0.128038897893,0.133223684211,0.0772277227723,0.263910969793,-0.31086245401,0.343194827135
4.33668724394,0.459647463567,1.02955884486,0.00642398286938,0.0261660978385,0.079054339353,0.19020979021,0.289935043731,0.583957537889,0.877989344325,0.096278943749,0.0463768115942,0.194968553459,0.322259136213,0.590625,0.829047362226,1.20485446787
23.3124198639,3.08412622085,6.30263438323,0.00642398286938,0.0261660978385,1.40430798798,3.8125,1.37884840544,4.5389883491,6.20743445211,1.81633255213,0.761557177616,2.0,1.36460176991,2.74566473988,1.07919755056,7.89990848921
22.2546654293,2.96381067539,6.2944132713,0.67125984252,2.06451612903,1.40196286532,1.34134615385,1.10742553408,3.68546731325,4.84881406079,1.86395311045,0.615384615385,0.628289473684,1.03240740741,2.38068181818,-0.715976872814,7.32662918956
26.7986742638,3.32373780785,6.9970727597,0.67125984252,2.77647058824,1.51427056064,2.0,0.545765670752,2.39651971856,2.7113225169,2.112847526,1.06998158379,0.133223684211,1.36460176991,1.67678300455,2.40826191754,8.55978025065
15.50443234,1.55977910526,3.44704708377,0.67125984252,1.19540229885,0.480183212397,1.10810810811,0.640177194688,1.92410418454,2.49992730613,0.985993495899,0.479166666667,0.364341085271,0.718130311615,2.38068181818,0.322621275564,3.70225840466
34.1036425572,6.85672707733,14.5436798158,0.31990521327,1.0,3.73279945862,4.71111111111,2.39487284865,7.67456381071,10.7486378264,3.00317926665,0.761557177616,1.61734693878,2.35796766744,3.23989218329,-1.55607518034,19.2834645675
5.84561887687,1.13744455721,2.01230973065,0.164859002169,0.31750339213,0.513325241953,0.19020979021,0.209184507143,0.547825360514,0.623169074958,0.613173278576,0.128038897893,0.0328317373461,0.0772277227723,0.263910969793,1.1030752048,3.17245497656
13.1205216362,1.26851484521,2.98624726002,0.684210526316,1.67857142857,0.35658268729,0.576470588235,0.508846314111,1.43627475049,1.8629307233,0.847940976918,0.362790697674,0.0328317373461,0.507972665148,1.4356846473,-0.046407177495,3.17928071436
16.4743783024,2.28172869238,4.52785369489,0.00642398286938,0.0261660978385,1.00587094647,1.564,0.776787380208,2.60365541973,3.3897177899,1.46796335259,0.292753623188,3.0,0.718130311615,2.38068181818,-0.89010551581,5.86342267325
1.64910442892,0.159582451231,0.386185927454,0.00642398286938,0.0261660978385,0.0305280147768,0.19020979021,0.300730781042,0.254704857136,0.51407695415,-0.0355796680701,0.0463768115942,0.133223684211,0.0772277227723,0.263910969793,-0.547431672389,0.358721241379
0.922067121054,0.0762600720736,0.110998792238,0.00642398286938,0.0261660978385,-0.0897040465794,0.19020979021,0.164982410841,0.138463787566,0.180746971308,-1.1366668133e-05,0.0463768115942,0.0328317373461,0.0772277227723,0.263910969793,0.789259421767,0.0253966211585
31.4709827543,5.05248695099,10.4998062862,1.65976331361,3.64406779661,2.33771042232,3.4094488189,0.859359136027,3.41986793717,4.13317015776,3.65676264606,0.761557177616,0.224669603524,2.35796766744,1.67678300455,2.14129203871,13.3512511483
27.5062757845,5.48422254146,11.537833936,0.00642398286938,0.0261660978385,2.9959717568,4.3125,1.65827897334,5.55225329255,7.64747615739,2.05427323703,0.761557177616,0.628289473684,1.37391304348,2.38068181818,-0.846457947732,15.4521541095
20.2760950857,3.89910174814,9.17280654625,0.00642398286938,0.0261660978385,1.8370254067,2.18181818182,1.14609989889,3.81956227537,5.14377953878,1.25864416121,0.761557177616,0.628289473684,1.03240740741,1.73387096774,0.37915941459,10.6835878195
18.090850321,2.39833691639,5.34694937687,1.46428571429,2.11152416357,1.09059349875,0.910112359551,0.55929496646,1.81331123637,2.2308171057,1.06886128012,0.292753623188,0.133223684211,0.718130311615,1.4356846473,1.0527726081,6.18832354147
37.0686509409,7.64492995422,17.4106279191,1.30626450116,3.72865853659,3.79116872202,3.89655172414,1.13827948844,4.4461259221,5.53297459032,8.20640750829,1.6625,0.628289473684,2.82407407407,1.88405797101,1.60425154469,21.2550804794
27.7183360142,2.86258624375,6.16544098062,1.30626450116,4.12380952381,1.00531291311,0.576470588235,1.00033712779,3.76254747939,4.71140656886,1.18370577025,0.761557177616,0.224669603524,1.03240740741,1.88405797101,5.53064910938,6.98935209166
4.79879659149,0.459475006422,1.25040807411,0.164859002169,0.31750339213,0.105540445307,0.19020979021,0.303721457844,0.354702218242,0.573870797038,-0.00322509090861,1.0,0.133223684211,0.0772277227723,0.263910969793,-1.83040143981,1.08027972809
29.3972450713,6.53441620841,14.5355655897,0.0752688172043,0.31750339213,3.440161681,3.4094488189,1.27820622405,4.2474728734,5.77503371527,2.04729494533,0.227272727273,1.09917355372,2.35796766744,3.23989218329,-4.52524127663,18.7052579408
25.0754091919,3.30570943867,7.22494359878,0.67125984252,2.11152416357,1.39295399046,1.564,0.51612789899,2.28180980613,2.56483118638,1.34607314874,0.292753623188,0.133223684211,0.718130311615,3.16393442623,0.460354808598,8.63998434516
20.1965019255,2.01739175878,3.83914841507,0.00642398286938,0.0261660978385,0.922772982513,1.564,1.43881934926,4.61630580683,6.44421675842,0.690180131219,0.479166666667,1.15384615385,0.222222222222,2.74566473988,3.56309301686,4.96730730539
17.4098374897,1.56360277232,2.86149831014,0.0752688172043,0.31750339213,0.812472856953,0.576470588235,0.629638240893,2.485786226,2.93463810919,0.867641475814,0.388888888889,0.224669603524,0.718130311615,2.17592592593,-1.31951395675,3.53462105563
16.3766984671,2.80337434597,6.29651349749,1.65976331361,3.13533834586,1.09889185358,0.910112359551,0.455208670202,1.66403155349,1.94080640204,2.73912010228,0.761557177616,0.133223684211,1.36460176991,0.961904761905,-1.52569315187,7.4352635772
24.1524263606,3.85481450464,8.30642469662,0.67125984252,2.11152416357,1.72647565202,2.18181818182,0.515649137149,2.13189605328,2.43455004131,3.0717346812,0.761557177616,0.133223684211,1.36460176991,1.67678300455,3.70681674718,10.2694939637
28.8188036071,4.09396380779,9.09788228504,0.67125984252,2.11152416357,1.72094681356,2.18181818182,0.815197527281,3.06766912744,3.71566720224,5.67754427773,1.06998158379,0.364341085271,2.35796766744,2.74566473988,-1.19720070832,10.6254492026
32.0811864925,5.63773294155,12.7484356386,0.8,3.72865853659,2.60243801107,2.18181818182,0.90683429217,3.69779609322,4.41637069296,5.26172371812,0.761557177616,0.224669603524,2.35796766744,2.35483870968,2.99229030125,15.0381102182
18.3196853034,2.76090128831,6.13272425167,0.67125984252,1.86475409836,1.28026725504,1.564,0.574389637673,2.12040155649,2.57588126618,2.13602128369,0.761557177616,0.133223684211,1.36460176991,1.67678300455,0.354345541833,7.45472747306
34.0935097149,6.82074466178,14.7456336753,0.67125984252,1.19540229885,3.84982428242,6.79032258065,0.766421891166,3.09021679085,3.66561139118,2.40322774439,0.761557177616,0.628289473684,2.35796766744,3.16393442623,-1.07453783531,19.2342976157
15.9947480412,2.11611894029,4.42008785439,0.31990521327,0.31750339213,0.944779230574,0.910112359551,1.10421894468,3.3334425248,4.67517202788,0.833025636894,0.292753623188,0.194968553459,1.03240740741,2.38068181818,1.60693940349,5.47801558028
26.6083525512,5.52645125818,11.9957077393,0.00642398286938,0.0261660978385,3.02078108565,3.89655172414,1.15552602332,3.91719632693,5.23822895335,2.96553115107,0.761557177616,1.61734693878,2.35796766744,3.23989218329,2.50551545373,15.4452633025
21.1288998474,3.62409077696,7.88797621961,0.67125984252,2.77647058824,2.0415712276,3.89655172414,0.655947824018,2.41235220905,2.96215574794,2.37376409017,0.761557177616,0.484304932735,1.37391304348,2.38068181818,0.832965725255,9.81149383039
27.8396832983,4.20237874308,9.29666248722,1.30626450116,2.06451612903,2.15753072678,2.72521246459,1.09297710238,3.87455981495,5.01080623203,3.02573279445,1.6625,0.224669603524,1.36460176991,2.32673267327,1.9786707763,11.2586777996
35.9467702103,8.03397898896,17.469781749,2.45652173913,1.0,4.48233166228,6.79032258065,1.06929096785,4.28256907858,5.23305972423,4.95982975773,1.6625,0.322404371585,1.35,1.67678300455,3.26553154554,22.5554991284
29.4875579738,4.38316776188,10.1602350077,0.67125984252,1.19540229885,1.97049424704,0.272727272727,1.15847086513,3.90177856185,5.12129059636,3.49280833247,1.6625,0.628289473684,2.35796766744,2.74566473988,-1.52666951643,11.8233054108
26.8195228286,3.10132376062,6.24230552604,0.00642398286938,0.0261660978385,1.36794267019,1.564,1.81656944894,6.06490733724,8.34817113327,1.40642638291,0.292753623188,0.696629213483,1.03240740741,2.35322195704,2.83000975345,7.80992603916
11.7195197597,1.41461115923,2.86005212181,0.31990521327,1.0,0.456978571894,0.576470588235,0.512697173358,1.67053580758,2.23186353164,0.986315794005,0.362790697674,0.133223684211,0.322259136213,0.590625,-0.473034419246,3.57495195937
16.2057262215,1.85773235793,3.34151522611,0.684210526316,2.11152416357,0.848120916871,0.576470588235,0.503995571446,1.69801009235,2.05884499154,0.750705561271,0.479166666667,0.133223684211,0.718130311615,1.4356846473,1.96635010889,4.64234579313
16.6763632289,1.81066347562,3.79762667001,0.31990521327,1.0,0.680541995055,0.576470588235,0.515696242279,1.81132138705,2.16660136184,1.21478791526,0.292753623188,0.628289473684,0.718130311615,1.4356846473,0.111905674083,4.31595041193
28.5392103143,5.07833398529,11.4919222519,1.0394265233,4.12380952381,2.72642091275,3.4094488189,1.31017421649,4.63607585987,6.08732370113,2.82226435495,0.761557177616,0.322404371585,1.37391304348,1.88405797101,-1.04101333652,14.2288694256
8.74598920333,0.801509745903,1.74150468021,0.0752688172043,0.31750339213,0.243455287505,0.576470588235,0.442046662936,1.08688848134,1.50198773407,0.479887081152,0.128038897893,0.133223684211,0.214689265537,4.66666666667,-0.136676172261,1.85923628284
28.0644245832,4.79095969039,10.5843794264,0.0752688172043,0.31750339213,2.36888439292,2.18181818182,1.2296183402,4.03486185718,5.35051236472,1.26834989416,0.528225806452,1.61734693878,1.65384615385,3.23989218329,-1.29147206329,13.1054712308
25.9860444184,5.55141669145,11.8679665662,1.30626450116,3.72865853659,2.93488384605,6.79032258065,0.793698142812,2.760097577,3.50476950161,4.07654628338,1.6625,0.628289473684,2.54545454545,2.35322195704,-1.09699686308,15.8734724835
2.94824236199,0.270350453252,0.615817491209,0.00642398286938,0.0261660978385,-0.0583903873662,0.19020979021,0.277959185748,0.616347056163,0.81823681427,0.0606151516994,0.0463768115942,0.133223684211,0.0772277227723,0.590625,-0.201797869044,0.561922919775
9.797813866,1.0893332029,1.96617026983,0.00642398286938,0.0261660978385,0.361989499081,0.576470588235,0.482785474953,1.34770351423,1.73176922168,0.508882845814,0.479166666667,0.133223684211,0.507972665148,0.961904761905,-1.19340079619,2.40641543894
25.2504662154,4.43099557509,9.67263978564,0.67125984252,2.11152416357,2.46434147055,2.72521246459,1.10074843157,3.67517381738,4.83308392843,1.08374048054,0.528225806452,0.224669603524,0.718130311615,2.71186440678,-2.78995894791,12.1793840008
23.0230061943,3.10466803456,6.85350926198,1.65976331361,4.12380952381,1.35524875599,0.910112359551,0.57833599525,1.9572701618,2.41245824913,1.754590605,0.761557177616,0.133223684211,1.01612903226,1.4356846473,-2.93104879102,8.31371839951
29.8846030277,3.92615433648,8.50852402853,1.30626450116,4.5799522673,1.72696954906,1.34134615385,1.07962326458,3.96718513293,5.0041760075,2.65097802953,1.06998158379,0.628289473684,1.36460176991,3.23989218329,1.55941439292,9.99361403555
1.14135053386,-0.022580020403,0.0509930073304,0.0752688172043,0.31750339213,-0.098089427929,0.19020979021,0.230767322379,0.0485968499081,0.193918833734,-0.057040431718,0.0463768115942,0.0328317373461,0.0772277227723,0.263910969793,-1.70376637288,-0.164946586747
13.2096858385,2.72873304776,6.69307878671,1.65976331361,6.5,1.20376511669,1.0,0.429344998793,1.08857474903,1.4772974555,1.20962055314,0.128038897893,0.133223684211,0.322259136213,0.590625,0.897597557516,7.90699276391
5.02481748608,0.575369199657,1.52652606761,0.164859002169,0.561085972851,0.124896860204,0.19020979021,0.337630386777,0.529753390715,0.80777058308,0.705506168181,0.128038897893,0.0328317373461,0.322259136213,0.263910969793,-0.871170574176,1.47733891347
24.802416721,3.95404780317,8.43247730738,1.65976331361,4.5799522673,1.81144364991,1.50306748466,0.522379051865,2.2758932836,2.53168637176,1.40485852669,0.528225806452,0.0328317373461,0.718130311615,1.67678300455,-1.45718392831,10.5642068357
3.40181533018,0.388375880344,0.972557130432,0.164859002169,0.561085972851,-0.0378308795396,0.19020979021,0.318434576166,0.765080443928,1.06933176505,0.140403112966,0.0463768115942,0.133223684211,0.322259136213,0.590625,-0.046123087167,0.913654803282
15.8154511532,2.27927458335,4.651199462,0.67125984252,2.11152416357,0.826392309323,0.576470588235,0.719990294141,2.48365239871,3.26946992995,1.06461595804,0.528225806452,0.224669603524,0.718130311615,1.67678300455,0.789704761579,5.86587944405
12.6339004586,1.80199874504,4.15783930292,0.0752688172043,0.830508474576,0.718305984793,0.910112359551,0.702932527826,2.46567311152,3.25838893839,0.914461789497,0.362790697674,0.194968553459,0.507972665148,1.5,-0.229667452605,4.84563254525
5.78171852848,1.26018851387,2.59691071198,0.309090909091,1.67857142857,0.597701521617,0.576470588235,0.304010559353,0.50821673305,0.707465552056,0.265490112482,0.128038897893,0.0328317373461,0.0772277227723,0.263910969793,-0.120353299159,3.53395204329
7.88598848089,0.701698864255,1.58236755203,0.309090909091,1.86475409836,0.0887496472338,0.576470588235,0.339572544685,0.78018853365,0.974934724537,0.510518569358,0.479166666667,0.0328317373461,0.718130311615,3.18181818182,-1.04618211069,1.56908789151
22.0195132634,2.86482237452,6.2700588812,0.8,3.13533834586,1.15399325075,0.910112359551,0.497876607478,1.94391767065,2.20544591242,2.31501188119,1.06998158379,0.133223684211,1.36460176991,2.74566473988,-2.52726517748,7.44524065019
12.070296995,2.51165920618,5.88198850253,0.0752688172043,0.31750339213,1.07272620459,0.910112359551,0.639298252852,2.08626085801,2.6855455626,0.757819505568,0.106557377049,0.628289473684,0.507972665148,1.40540540541,-1.20865664224,6.84611683991
16.3357435778,2.14012282605,4.21485941397,0.00642398286938,0.0261660978385,1.05197552938,0.910112359551,0.793534009516,2.61695043347,3.42940702567,1.09352546542,0.292753623188,0.224669603524,0.718130311615,2.38068181818,2.02579911472,5.49977555509
16.8422876701,2.33857074165,4.84474938297,0.309090909091,2.11152416357,1.07582609519,0.910112359551,0.462098892278,1.46418768543,1.73799597624,1.82142868762,0.528225806452,0.133223684211,1.36460176991,1.4356846473,-3.120485246,5.97889693442
6.11409184206,1.03613633472,2.26518465666,0.164859002169,0.561085972851,0.463349990804,0.19020979021,0.448028825092,0.999276417053,1.46341875589,1.02914151026,0.128038897893,0.133223684211,0.322259136213,0.590625,1.14144868158,2.65407987262
22.5955032414,2.9116620873,6.67708471978,1.30626450116,4.12380952381,1.18874682842,3.0,0.44319379407,1.65761168466,1.89565163928,3.62575670924,0.761557177616,0.133223684211,1.8064516129,2.35322195704,1.90884012655,7.61678808713
25.4126399934,3.14459857529,7.274833925,0.8,2.06451612903,1.14330719105,0.576470588235,0.837613769432,2.83661389484,3.67108705756,2.17635481083,0.761557177616,0.224669603524,1.01612903226,2.32673267327,-0.353656211521,8.28175682686
31.1598115283,5.82672804646,12.4261194193,1.65976331361,3.72865853659,2.99520048934,3.89655172414,0.65455492314,2.88381305599,3.28171399367,5.60182174319,1.06998158379,0.364341085271,1.36460176991,1.88405797101,2.93411828851,15.9215676621
12.0781392572,1.16520366452,2.46073504611,0.00642398286938,0.0261660978385,0.34849384899,0.576470588235,0.546228585776,1.78879851253,2.29170705104,1.26302098297,0.106557377049,0.133223684211,0.507972665148,1.4356846473,0.661386614919,2.67710127281
2.30797146186,0.426780766431,0.935908711411,0.00642398286938,0.0261660978385,0.0932494557852,0.19020979021,0.25303592441,0.422879966613,0.610811552981,0.19181177511,0.128038897893,0.194968553459,0.322259136213,0.590625,0.696195771647,1.08339433371
12.8601079956,1.30533694996,3.15921294649,0.00642398286938,0.0261660978385,0.35131287526,0.576470588235,1.20938594889,3.48059244359,4.92282579928,1.42718370837,0.479166666667,0.696629213483,0.507972665148,1.4356846473,-1.81709488183,3.07106345416
19.9773420772,3.5763400901,7.68243688326,0.31990521327,1.92156862745,1.90903757837,2.18181818182,0.730183387638,2.47382030696,3.17100259563,1.27605405288,0.528225806452,0.224669603524,0.718130311615,1.4356846473,3.2124590818,9.80904168776
29.4492796319,4.27776736285,9.21947602943,1.30626450116,4.5799522673,1.91609613554,2.18181818182,0.701478801922,3.02990827278,3.57763693364,3.36689556345,0.761557177616,0.224669603524,1.36460176991,1.88405797101,-1.91967388631,11.324418802
18.4085261334,2.41837703834,4.88968584595,0.0752688172043,0.31750339213,1.08074271807,0.910112359551,1.23445821311,3.82672500162,5.28986919753,0.622286520845,0.292753623188,0.628289473684,1.03240740741,2.35322195704,2.03535103179,6.26350573206
2.9658500271,0.348493769349,1.01550289978,0.164859002169,0.561085972851,0.0501263334665,0.19020979021,0.340084554375,0.431176539088,0.742040223569,-0.0377815618629,0.0463768115942,0.133223684211,0.0772277227723,0.590625,-1.80662540062,0.851641770148
11.6052931934,1.06354883372,2.35458243858,0.00642398286938,0.0261660978385,0.382149074269,1.10810810811,0.854578224773,2.44418885613,3.38781368114,0.574098882701,0.362790697674,0.364341085271,0.507972665148,2.36363636364,-0.434080078863,2.44474931486
2.64092049686,0.453256607585,1.01818185408,0.164859002169,0.561085972851,0.111567839402,0.19020979021,0.334478184543,0.686559966486,0.983079875778,0.0679203598509,0.128038897893,0.133223684211,0.0772277227723,0.590625,-1.01086491968,1.1222145449
18.0868836325,3.02654223775,6.64431233622,2.33333333333,2.11152416357,1.68980059013,1.50306748466,0.353816558765,1.62072856776,1.6542945068,2.43527350341,0.615384615385,0.0328317373461,4.0,1.67678300455,-0.745832381856,7.98784353989
26.202231165,4.15373874717,9.63818514008,1.30626450116,4.5799522673,1.74794588273,3.25454545455,0.949653119235,3.42991279351,4.42287171822,1.12895878997,1.05084745763,0.224669603524,1.03240740741,2.35322195704,1.26858497221,11.2257373599
17.5532700052,2.79523337259,6.20818658308,0.8,2.06451612903,1.09798585229,0.910112359551,0.51102330437,1.90546196965,2.20296624148,1.10935432172,0.528225806452,0.133223684211,0.718130311615,1.67678300455,0.339268033627,7.19907886409
24.7238325678,3.51382575013,7.07998117369,0.0752688172043,0.31750339213,2.06075654082,2.72521246459,1.37244850622,4.37110084786,5.98995409643,1.67328808545,0.528225806452,0.628289473684,1.65384615385,3.31428571429,1.75300068129,9.26765089303
32.422811418,5.74360638285,12.6324526798,1.61739130435,4.5799522673,2.8511367918,3.89655172414,1.52948471199,5.74215054247,7.61024981401,3.13990960524,0.761557177616,0.322404371585,1.36460176991,1.88405797101,3.732871115,15.9475688909
28.7365310377,3.02623550726,6.60403440639,0.31990521327,1.0,1.250347651,1.34134615385,1.43615119604,4.61193922284,6.20682719714,1.94657368565,0.761557177616,0.224669603524,1.36460176991,2.32673267327,0.53373070214,7.42065911544
35.7496995904,6.35169064454,14.3204813416,0.0752688172043,0.31750339213,3.01312397368,3.4094488189,1.27545808627,4.48051088505,5.7731118297,2.70673907923,0.761557177616,0.322404371585,1.37391304348,2.35483870968,-1.57372205809,17.0723962314
2.16154279318,0.305397529223,0.471263856446,0.164859002169,0.31750339213,0.238170359935,0.19020979021,0.144273780299,0.149779386137,0.139698262807,0.084527609796,0.0463768115942,0.0328317373461,0.0772277227723,0.263910969793,-1.01065543386,0.733741852622
22.6266087176,2.69361935464,6.0059273152,0.8,1.86475409836,0.93523397266,0.910112359551,0.808485934869,3.08908170785,3.84275069466,1.64336156721,0.761557177616,2.09090909091,1.01612903226,2.35322195704,-0.648598619811,6.9728687621
31.4711985589,3.53642444105,7.78472957306,0.67125984252,2.11152416357,1.39510023941,1.34134615385,1.20972595478,4.53795128451,5.82475752553,2.3511831343,1.06998158379,0.224669603524,1.01612903226,2.74566473988,-4.33497089017,8.94675717611
21.8422898987,2.58499455215,5.02326677143,0.00642398286938,0.0261660978385,1.28745660871,1.564,1.55784186095,4.94975482309,6.93538357045,1.14700333926,0.292753623188,0.194968553459,1.03240740741,2.38068181818,-3.50317291829,6.65984661141
23.9022087927,3.5086150882,8.07886700505,0.8,3.13533834586,1.36222510566,1.50306748466,0.757460638483,2.74334471401,3.29997790643,1.81498527662,0.615384615385,0.224669603524,1.36460176991,1.67678300455,-0.0945729374384,9.13661823499
23.0629515864,4.28958772788,9.45606778444,0.67125984252,3.13533834586,2.34119748352,3.4094488189,0.713111816211,2.32446161281,2.91370195636,2.1717657059,0.227272727273,0.224669603524,1.37391304348,1.88405797101,-5.47559335789,11.8069103474
4.74506032441,0.445654566076,0.991477413953,0.309090909091,0.823529411765,0.062198559936,0.576470588235,0.271342021105,0.377394460267,0.523090138752,0.111849019121,0.128038897893,0.0328317373461,0.214689265537,0.263910969793,-1.28293731536,1.00447017239
20.2118618725,3.06607716804,6.32005249957,0.00642398286938,0.0261660978385,1.51131326731,1.564,1.06280917229,3.56043959105,4.6994887285,1.72911173664,0.761557177616,0.484304932735,1.36460176991,2.32673267327,-0.54764474133,8.08233976074
22.3455639174,5.40834360922,12.6931703583,2.45652173913,5.8,2.83995996852,3.89655172414,0.842930805138,2.79954864866,3.638171222,2.24040664454,0.761557177616,0.224669603524,2.35796766744,1.4356846473,-2.85725218634,15.483859687
3.95908779641,0.88210646674,2.11970139882,0.164859002169,0.31750339213,0.495998352947,0.19020979021,0.334127797154,0.383087371266,0.637700926065,0.579477641485,0.128038897893,0.0328317373461,0.322259136213,0.263910969793,-0.738084375714,2.3696803364
19.9622617837,2.59073650264,5.57987238239,0.67125984252,2.11152416357,1.01732290869,0.910112359551,0.777405757865,2.61238394559,3.30749411937,1.22366178919,0.292753623188,0.224669603524,0.718130311615,1.67678300455,2.47279669488,6.67080492552
16.3319174181,1.47770860009,3.14243849846,0.67125984252,1.86475409836,0.404522769104,0.576470588235,0.330766937488,1.36003286827,1.48211388046,2.34499624409,0.615384615385,0.0328317373461,1.36460176991,1.67678300455,-1.310054976,3.63735429018
29.8809447945,3.83026032292,8.16691474816,0.67125984252,1.86475409836,1.77987911907,3.4094488189,1.17798215273,4.1210818,5.37649132044,2.38312192734,0.761557177616,1.46875,1.37391304348,2.74566473988,-4.42267564899,10.1624075033
16.9457999436,2.38718828051,5.44234156101,1.0394265233,4.12380952381,1.09890989038,0.910112359551,0.492039160511,1.79165053917,2.12998172113,0.795422825336,0.292753623188,0.133223684211,0.718130311615,1.4356846473,-1.29401205659,6.298435767
29.3757614972,3.82917293099,7.67525412963,0.00642398286938,0.0261660978385,2.32495437326,6.79032258065,2.1046900177,6.55842076009,9.32466232279,1.68746500627,0.761557177616,1.61734693878,1.37391304348,3.23989218329,-0.489454659601,10.1635126374
32.2863182721,7.36085827483,16.3002513818,0.31990521327,0.31750339213,4.23547977438,6.79032258065,0.881020169469,3.62304177525,4.3494562313,5.01386963615,1.06998158379,0.696629213483,2.35796766744,1.67678300455,-0.678044527518,20.7346267683
34.3299062457,5.648922697,12.7683238403,0.31990521327,0.31750339213,2.71136191748,3.25454545455,1.95538696661,6.79398814221,9.20448853234,2.65954853908,1.6625,0.696629213483,1.37391304348,2.35322195704,-0.548402292946,15.4158077743
20.392877594,2.63434109196,6.31649061508,0.309090909091,1.86475409836,1.03163459194,0.910112359551,0.515114253812,1.77211441286,2.14841685753,3.58549937919,1.06998158379,0.133223684211,1.8064516129,1.67678300455,-2.28736214384,6.89081850451
12.6790577914,1.52779992215,3.41390000861,0.309090909091,1.86475409836,0.487005556311,0.910112359551,0.539717337378,1.80247359795,2.24131925311,1.00723638807,0.479166666667,0.133223684211,0.718130311615,1.4356846473,0.502640872832,3.72648095541
34.5747202665,7.58666312126,16.9357595816,6.5,7.25925925926,3.87877487029,6.79032258065,1.44220921605,5.29639638408,6.92621732108,4.38216537309,1.6625,0.224669603524,2.82407407407,3.23989218329,0.599024337451,21.4295046586
31.5998674443,5.29746386328,11.2279660828,1.0394265233,3.72865853659,2.72841315211,2.72521246459,1.38801977908,4.69703892379,6.15532068178,2.43706549488,0.761557177616,0.224669603524,1.36460176991,1.67678300455,1.0859604814,14.182227016
17.8666477661,2.28437165041,4.74472786386,0.00642398286938,0.0261660978385,0.990028649481,0.910112359551,1.15428496765,3.73029590475,5.10105015796,1.33340570632,0.292753623188,0.628289473684,1.36460176991,1.73387096774,0.0297695801028,5.8115997917
30.7102418578,7.16266507714,14.6753354003,2.51685393258,5.8,4.13610036951,6.79032258065,0.914863328582,3.53220381149,4.36753911026,5.04599123497,1.6625,0.322404371585,1.35,2.35322195704,3.7248261597,20.3130348031
3.60889470945,0.295036429933,0.791432500099,0.309090909091,0.823529411765,0.0640101611706,0.19020979021,0.261392061292,0.29362214576,0.440495113977,0.0357563348953,0.0463768115942,0.0328317373461,0.0772277227723,0.263910969793,-1.85619000117,0.534146296457
1.75420850211,0.140098653053,0.36428291667,0.164859002169,0.561085972851,-0.0976635247558,0.19020979021,0.172465755469,0.183460278226,0.233373287655,0.0222540268959,0.0463768115942,0.133223684211,0.0772277227723,0.263910969793,1.43379102715,0.227598961474
18.0264906652,3.21715433344,6.22983670806,1.30626450116,4.5799522673,1.64787196832,1.564,0.597029948049,2.14916905163,2.60207653111,1.0891281186,0.528225806452,0.133223684211,0.718130311615,1.88405797101,5.245579336,8.57280594216
24.7824663065,2.60500852745,5.8611679386,1.0394265233,4.12380952381,0.791857579859,0.576470588235,0.60091299668,2.60638797646,3.0644908134,2.47184217762,1.06998158379,0.133223684211,1.37391304348,2.74566473988,-1.054027168,6.62648811706
21.3813378926,2.23971745455,4.96850611946,0.0752688172043,0.31750339213,0.864544653602,1.34134615385,1.39964192266,4.02793717319,5.77001592059,1.36089812501,1.05084745763,0.696629213483,0.222222222222,2.38068181818,-1.95827103719,5.5749384387
24.3907498811,3.66602664266,8.14165374614,1.65976331361,4.5799522673,1.83449553162,1.34134615385,0.646721346666,2.51180894873,3.06143539621,1.19527825281,0.528225806452,0.224669603524,0.718130311615,1.88405797101,-1.8349142156,10.0180245118
36.9000424737,7.7833359348,16.9797087572,1.61739130435,4.5799522673,4.05785571197,6.79032258065,0.924317413209,3.91819256727,4.7447914007,4.47929387276,2.83333333333,1.33333333333,2.35796766744,3.23989218329,1.57202382994,21.9277786118
2.39638926118,0.205848070852,0.456850713612,0.00642398286938,0.0261660978385,-0.0105071471297,0.19020979021,0.227772971861,0.38719857997,0.525437642949,0.0414619474087,0.0463768115942,0.133223684211,0.214689265537,0.263910969793,-0.982961923785,0.368432831394
22.9027008891,2.50125307104,5.972203181,1.0394265233,2.77647058824,0.779143053707,0.576470588235,0.828116998674,2.80921803365,3.56490383671,1.73393224845,1.06998158379,0.224669603524,1.01612903226,2.35322195704,1.62721900297,6.14513111671
34.4212074541,6.14611537441,13.5192614601,0.00642398286938,0.0261660978385,2.79447146897,3.89655172414,1.82768222415,6.28872212443,8.51922662343,2.24380360268,1.06998158379,1.61734693878,1.37391304348,2.74566473988,1.83490147515,16.9470201042
11.224178157,1.76597860929,3.84520651918,0.0752688172043,0.31750339213,0.79266532641,0.910112359551,0.420605002079,1.48943206083,1.82879412103,0.660532479744,1.33333333333,0.133223684211,0.718130311615,1.4356846473,-1.69236662166,4.66520640317
15.5310168388,2.05211237496,4.06776541001,0.00642398286938,0.0261660978385,0.956785283187,0.910112359551,0.66304106416,2.32751226784,2.95401977334,0.674036697342,0.479166666667,0.628289473684,0.718130311615,1.4356846473,-2.85060662216,5.37080360757
6.9884891544,1.48673078352,3.57132924201,0.164859002169,0.561085972851,0.698082466444,0.19020979021,0.815064283928,1.9924019721,3.00375947275,0.442234018529,0.434782608696,0.194968553459,0.322259136213,0.590625,-1.85397454667,4.15434414486
1.41688828347,0.0104722009219,0.183343443421,0.00642398286938,0.0261660978385,-0.0980398637822,0.19020979021,0.218651335274,0.0346619339014,0.161386768863,-0.0588642881473,0.0463768115942,0.0328317373461,0.0772277227723,0.263910969793,-1.02953808034,-0.106151166674
29.3736317804,4.7998316502,10.7294403434,2.51685393258,5.8,2.03715735781,1.34134615385,0.755203085166,3.00717509163,3.58170253937,1.59617937812,1.06998158379,0.224669603524,1.54838709677,2.35322195704,4.88802685452,12.9497584167
21.5316165041,3.07798556557,6.26853832817,1.30626450116,3.64406779661,1.44856063721,1.34134615385,0.830035927297,2.80668410072,3.61888709121,2.15829564956,0.761557177616,0.224669603524,1.36460176991,2.35322195704,1.08498326182,7.98730024267
17.8335254097,2.42950246349,5.60646017707,0.31990521327,1.0,1.05565385378,0.910112359551,0.680131956009,2.18325666694,2.89342726791,3.57044667816,1.06998158379,0.133223684211,1.36460176991,1.4356846473,-3.05406948863,6.59503472846
20.0536671011,2.16420249749,4.68298930154,0.31990521327,1.0,0.846598776614,0.910112359551,0.829272255171,2.81617681762,3.69931893224,1.22182243076,1.06998158379,0.696629213483,0.718130311615,1.67678300455,0.94517569641,5.38567170812
26.2836020827,4.26132439699,8.56341925174,0.00642398286938,0.0261660978385,2.12471472385,2.72521246459,1.67210908783,5.17126715055,7.15202565833,1.35777246833,0.227272727273,2.5,1.03240740741,2.38068181818,-0.384975637799,11.4646457202
3.20979816155,0.389100900492,1.28965550373,0.0752688172043,0.31750339213,-0.0471637289942,0.19020979021,0.253447154346,0.294249860709,0.45090932653,0.288143552703,0.128038897893,0.0328317373461,0.214689265537,0.263910969793,0.302309105655,0.871281787047
29.3328672922,4.76107412543,10.3972922438,1.65976331361,4.5799522673,2.32752996709,1.50306748466,0.764336456403,3.3035935433,3.93658054286,1.96233468091,0.227272727273,0.224669603524,1.36460176991,1.67678300455,-1.51265402955,12.7815571406
5.6408493817,0.908653589204,1.82331137319,0.164859002169,0.31750339213,0.385105910723,0.19020979021,0.537587541273,1.26159383399,1.91234906225,0.21629924811,1.06998158379,0.133223684211,0.322259136213,0.590625,1.72031862044,2.33085569324
17.1133434971,2.19632734782,5.39651386723,0.67125984252,1.19540229885,0.788218098681,0.910112359551,0.919430492367,2.8383179838,3.87592575252,0.555586941235,0.292753623188,0.224669603524,0.718130311615,2.35322195704,1.13623403422,5.73200113718
4.52209165505,0.447266739068,0.727632130535,0.00642398286938,0.0261660978385,0.142051987186,0.19020979021,0.386129684063,0.885206638757,1.22487403737,0.0992201202618,0.0463768115942,0.133223684211,0.0772277227723,0.590625,-0.380220169463,0.932477881668
33.4157521692,4.98142616734,10.8951561194,1.30626450116,4.12380952381,2.11708155582,2.72521246459,1.06768585959,4.06523416759,5.13394962194,2.46451580334,0.615384615385,0.224669603524,1.01612903226,1.88405797101,-1.64233746386,13.2889304783
27.2228726092,4.92535051137,10.8985658272,1.65976331361,4.5799522673,2.15939871648,1.50306748466,0.570256147329,2.55445157567,2.85992431192,1.41271659465,0.528225806452,0.133223684211,0.718130311615,1.67678300455,3.02215371279,13.1982352475
20.9386516253,2.58423510418,5.78099995722,0.00642398286938,0.0261660978385,1.01370216263,1.564,0.783776066387,2.8572485926,3.70390030336,1.17413312516,0.615384615385,1.61734693878,0.718130311615,2.74566473988,-4.63062596689,6.7419334824
27.4355221051,4.0696553651,8.52907007827,0.8,2.11152416357,2.48045067341,2.72521246459,1.8859389614,5.88477622752,8.1170203695,2.60174194737,0.761557177616,1.01428571429,2.14285714286,2.35322195704,-0.685576352968,10.710468483
19.0074497884,2.1546149704,4.26815700303,0.00642398286938,0.0261660978385,1.11736671295,1.564,1.58097565719,4.7733172582,6.79155022213,1.06839243622,0.761557177616,0.628289473684,1.03240740741,1.73387096774,2.59788722945,5.48571395268
19.8457536038,3.89847358888,8.11664123412,1.30626450116,4.12380952381,2.09783697644,2.72521246459,1.13515431845,3.69463612701,5.02476911162,0.916672379738,0.528225806452,0.194968553459,0.718130311615,2.35322195704,-1.52364215044,10.7218889889
6.23587258238,0.758460299119,1.54409889408,0.309090909091,0.823529411765,0.156933936413,0.576470588235,0.186004759522,0.551482663278,0.553227448717,0.252661076777,0.106557377049,0.0328317373461,0.214689265537,0.263910969793,0.637142315716,1.82889948058
25.1833215654,3.71116921103,7.61131393563,0.67125984252,2.11152416357,1.96779831709,2.72521246459,0.804114878065,2.94699728199,3.5812851549,3.89312454364,0.615384615385,0.224669603524,1.36460176991,1.67678300455,-1.37331382196,9.60019302903
16.6006190423,2.2816100989,4.8551306674,0.67125984252,1.86475409836,1.09777558773,0.910112359551,0.919390440506,2.96489822972,3.92159620324,1.10216902674,0.292753623188,0.364341085271,0.718130311615,2.35322195704,2.37855329681,5.76290159888
7.75621480507,1.0246812684,2.25739346566,0.164859002169,0.31750339213,0.385503924423,0.576470588235,0.609672019868,1.37061291717,1.96870685238,0.603821938078,0.128038897893,0.133223684211,0.507972665148,1.11805555556,-0.456634579513,2.47829693803
3.31120674201,0.455172194963,1.25595696029,0.0752688172043,0.31750339213,0.0963399490056,0.19020979021,0.358665130173,0.461953167535,0.754650131932,0.210819094176,0.128038897893,0.0328317373461,0.0772277227723,0.263910969793,0.605937612866,0.95807939505
25.4954328174,3.38553192765,7.70158328437,1.30626450116,4.12380952381,1.33936429361,1.34134615385,0.719467784376,2.5620862439,3.19703637376,1.63510018605,0.761557177616,0.224669603524,1.01612903226,2.35322195704,3.14472977358,9.05239508302
23.2066239129,3.89658382692,7.75601892739,0.67125984252,1.86475409836,2.28763837965,3.89655172414,0.50941523919,2.17264715309,2.45642828026,3.27766361742,1.06998158379,0.133223684211,1.8064516129,3.23989218329,0.0854869843024,10.4019067602
2.80970267907,0.383304601325,0.944550475954,0.164859002169,0.31750339213,0.16290037838,0.19020979021,0.350898714946,0.502253956652,0.835071589923,0.189738239657,0.128038897893,0.133223684211,0.214689265537,0.590625,-1.26112413407,1.05946609414
7.22949684789,0.516199389424,1.10661543636,0.00642398286938,0.0261660978385,0.0132343325818,0.576470588235,0.544971267639,1.45977356593,1.97664604751,0.173031368599,0.362790697674,4.0,0.0772277227723,0.263910969793,-1.67846364275,0.998530873057
22.3040982733,3.66415424591,7.59819517652,0.31990521327,1.0,2.12823525583,2.72521246459,1.48216420376,4.46483901793,6.26482390786,2.46678011575,0.761557177616,0.484304932735,1.36460176991,3.23989218329,-0.495249591178,9.99633423064
39.0414671843,7.47897510258,16.030731966,1.65976331361,3.72865853659,4.30753657296,6.79032258065,0.96241091954,4.10803575542,4.88611321876,4.31436615271,1.6625,0.364341085271,2.35796766744,1.67678300455,0.105536226669,20.6633241678
10.0831026437,1.08434395777,2.57484289773,0.164859002169,1.0,0.459797061165,0.576470588235,0.417954287374,0.87507822781,1.20675882037,2.29743489198,0.128038897893,0.133223684211,0.8,4.0,-2.34554820062,2.74412786101
29.2769161992,5.83384714979,13.2772430472,1.30626450116,4.5799522673,2.79311572883,2.72521246459,0.99733042763,3.34960717702,4.34226917687,2.93843517319,1.06998158379,0.224669603524,1.01612903226,1.88405797101,-3.75585328506,16.2823809174
0.81774486195,0.0221006094052,-0.0172754683435,0.00642398286938,0.0261660978385,-0.111681725173,0.19020979021,0.144144044977,0.0784279916734,0.0869226377449,-0.0212928677516,0.0463768115942,0.0328317373461,0.214689265537,0.263910969793,-1.60182152969,-0.03317876662
23.7480858521,5.02570733399,10.8023377682,2.45652173913,5.8,2.6093591381,2.72521246459,0.909310546627,3.27756751003,4.14638028989,1.40699889906,0.528225806452,0.673076923077,1.03240740741,2.35322195704,-3.70238087537,13.9575276763
29.0841856268,4.78106326809,10.0754606779,1.65976331361,4.5799522673,2.22111016068,2.18181818182,1.58794880331,5.37493364166,7.20604420066,1.66222932478,0.761557177616,1.42857142857,1.03240740741,1.5,2.05007584531,12.8269331643
19.4015482789,1.78284801602,3.83532911295,0.309090909091,1.86475409836,0.543167577407,0.576470588235,0.46680019717,1.89540895466,2.14151693321,2.06756413066,0.761557177616,0.133223684211,1.01612903226,1.4356846473,-2.1217185301,4.30393144209
7.87354650985,0.516725039872,1.13316841754,0.0752688172043,0.830508474576,0.0995343812599,0.576470588235,0.332982306156,0.708136306052,0.864093621944,0.302184905267,0.362790697674,0.0328317373461,0.507972665148,0.136363636364,-1.16525261581,1.13170488291
22.0917077117,3.73888714566,8.34967712409,0.00642398286938,0.0261660978385,1.77594655766,2.18181818182,1.11154594709,3.99117849365,5.26427129942,1.61227963553,0.761557177616,5.0,1.03240740741,2.35483870968,-1.58498300762,10.2073270867
22.5516441379,3.01518628212,5.89730959483,0.00642398286938,0.0261660978385,1.57676244023,2.72521246459,0.812741953596,2.9446643667,3.73237684538,1.2157956942,0.528225806452,1.01428571429,0.718130311615,2.35322195704,-0.11331621294,7.69022889798
2.33664628758,0.0491900905085,0.263532210983,0.164859002169,0.31750339213,-0.0707891401577,0.19020979021,0.25854556894,0.181535370894,0.373951449325,-0.0324151019543,0.0463768115942,0.0328317373461,0.214689265537,0.263910969793,-0.938090567994,0.0210543349258
36.1774226577,7.96424405294,18.426819182,1.0394265233,14.0,3.94601346678,6.79032258065,1.77542525819,6.22839434937,8.32491026175,4.36994393615,0.761557177616,0.484304932735,2.35796766744,2.35322195704,0.26428644464,22.4483174942
18.2700665964,2.36611125465,4.73237607554,0.00642398286938,0.0261660978385,0.970865280652,0.910112359551,0.956771771844,3.15670238333,4.09590926677,0.912325728299,0.292753623188,0.628289473684,0.718130311615,2.17592592593,-1.65133921497,5.88679261116
10.7759500197,1.02082476294,2.55763750791,0.31990521327,0.31750339213,0.282471228806,0.576470588235,0.597669070598,1.53958999076,2.0977943144,0.5026026247,0.479166666667,0.133223684211,0.718130311615,1.4356846473,-1.43141735234,2.51371497832
8.29437680257,1.10631464989,2.60238101919,0.00642398286938,0.0261660978385,0.525230700374,1.10810810811,0.539512742309,1.48099675873,2.04622743845,0.277854287664,0.128038897893,0.941176470588,0.0772277227723,0.590625,-1.34431674739,3.06211035988
23.8529748393,3.66249834226,8.23808865759,1.65976331361,4.12380952381,1.69714549812,2.18181818182,1.05610936199,3.30110276306,4.4738142176,1.64502032265,1.05084745763,0.484304932735,1.01612903226,2.17592592593,0.537826028867,9.91705125508
29.1696971286,6.26028217584,14.2151553481,1.30626450116,4.5799522673,3.15144705769,2.72521246459,0.576690457976,2.66311345405,3.01813174133,2.58157304824,0.761557177616,0.133223684211,1.36460176991,2.05555555556,1.24842882638,17.6140556497
31.8002331624,4.70485204515,9.54955907966,0.67125984252,2.11152416357,2.54229655887,6.79032258065,0.91589662018,3.75803848273,4.55658207248,6.30451448083,1.6625,0.224669603524,2.35796766744,2.35322195704,-0.545868625861,12.347143861
33.1528098211,6.0267776935,13.5706454979,3.0,4.5799522673,3.26046086735,3.4094488189,0.675505319394,2.90095146405,3.30106706799,2.95967677587,0.761557177616,0.224669603524,1.8064516129,3.23989218329,-7.4740221106,16.7339942005
18.7328361911,1.61035084249,3.52285362247,0.31990521327,0.830508474576,0.499232779784,5.33333333333,0.500512084481,1.98490120095,2.3600962491,0.785589328208,1.33333333333,0.133223684211,0.718130311615,1.67678300455,-2.44287386617,3.83661035894
1.68995227473,0.22146104694,0.388631586183,0.00642398286938,0.0261660978385,0.0148111954261,0.19020979021,0.198314811029,0.254361914375,0.337513542029,0.0107971483623,0.0463768115942,0.133223684211,0.0772277227723,0.882352941176,1.27383437887,0.445006255561
24.8448637417,4.38100632538,9.94142712322,0.31990521327,1.0,2.02752620005,2.18181818182,1.83899935978,5.94628971788,8.24844696694,2.81965041512,0.761557177616,0.628289473684,1.36460176991,3.31428571429,2.45374579782,11.7454507085
23.1989886256,3.10483146102,7.03781221843,1.0394265233,4.12380952381,1.3114817449,0.910112359551,0.631408263458,2.37098927315,2.86256349994,1.16974624125,0.292753623188,0.133223684211,0.718130311615,1.67678300455,-1.12221519187,8.18436316093
11.2771611017,1.36805554107,3.15343138873,0.67125984252,0.823529411765,0.38329466214,0.576470588235,0.294172047085,0.912612217738,1.02389807568,0.604283331675,0.362790697674,0.0328317373461,0.507972665148,0.384615384615,-2.2319809349,3.50369816977
31.083406583,5.45866819646,12.8982211801,0.67125984252,2.11152416357,2.61517741221,2.18181818182,0.843657572883,3.493341154,4.20363069243,5.74682109109,1.06998158379,2.0,2.35796766744,3.16393442623,-3.42263325336,15.0329868916
31.9748666755,5.45820345722,11.6056559313,2.41666666667,4.5799522673,2.65393785198,3.4094488189,0.620983423134,2.76307914918,3.09669950642,3.0470741965,1.06998158379,0.224669603524,1.37391304348,0.6,-1.07211461479,14.8500003972
10.7305731103,1.29947687443,3.01970790633,0.164859002169,1.0,0.467568821398,0.576470588235,0.428286136739,1.10290569485,1.44227422456,1.38825385171,0.362790697674,0.133223684211,0.507972665148,1.11805555556,-0.746658850138,3.47091692468
28.9699544275,3.58863032125,7.96761484813,1.65976331361,4.12380952381,1.32219400511,1.34134615385,0.680229616213,2.85929006798,3.329343742,2.98481976203,0.761557177616,0.224669603524,1.36460176991,1.88405797101,-0.511181028739,9.18872161108
29.50828195,4.4113776067,8.9094245429,0.0752688172043,0.31750339213,2.20293959394,3.4094488189,1.74697870404,5.47998042438,7.55125676373,2.50042714835,1.06998158379,1.09917355372,1.8064516129,3.23989218329,-0.767163860041,11.6836602697
34.9526130918,8.01130334435,17.3123816809,0.31990521327,1.92156862745,4.4746703702,6.79032258065,0.952027947333,3.89322141974,4.71031593652,3.53988471446,1.06998158379,0.224669603524,2.35796766744,2.35322195704,1.24693162827,22.7065648845
24.9187719327,5.58676610111,13.3375454576,7.0,3.72865853659,2.74766412527,3.4094488189,0.679962058978,2.29963040061,2.85798968839,3.07986593409,1.06998158379,0.133223684211,2.54545454545,3.23989218329,-2.91704438943,15.8280307251
9.94640320268,1.27772021267,1.88498828684,0.00642398286938,0.0261660978385,0.892537124802,2.72521246459,0.326321604448,1.02115514853,1.20729803086,0.981467143316,0.362790697674,0.0328317373461,0.507972665148,4.0,-5.20619868244,3.28125968721
1.59067610651,0.111138550288,0.379392012698,0.164859002169,0.561085972851,-0.0401819573191,0.19020979021,0.212911279775,0.0682834028066,0.194146884528,-0.0467758310214,0.0463768115942,0.0328317373461,0.0772277227723,0.263910969793,-1.18727433901,0.193729989307
3.7795176413,0.462022405776,0.684040223653,0.00642398286938,0.0261660978385,0.229041167801,0.19020979021,0.192262161922,0.151339694344,0.186475805334,0.387629844167,0.128038897893,0.0328317373461,0.0772277227723,0.263910969793,-0.373484718828,1.02317659545
29.6038266923,4.9893050386,11.1452342286,0.31990521327,0.31750339213,2.69582493012,4.71111111111,2.16854669937,6.65342073686,9.49468261928,1.67103216455,0.761557177616,0.224669603524,1.37391304348,3.23989218329,-6.04440302425,13.82848538
25.1987099701,2.75833746937,6.21009818111,1.0394265233,2.77647058824,0.950230202697,1.564,0.609309457334,2.61954626071,3.06950211187,1.82272134503,0.761557177616,0.133223684211,0.718130311615,2.74566473988,-0.852212882718,6.95075635672
7.60063156759,0.823741505187,1.69081107227,0.309090909091,1.86475409836,0.323503296664,0.576470588235,0.300299660513,0.588472485045,0.709064425275,0.816671441994,0.479166666667,0.0328317373461,0.718130311615,3.18181818182,-0.354637880572,1.90369966805
19.26039398,2.81176194361,6.15810490587,0.31990521327,1.0,1.16381064877,0.910112359551,1.06730077691,3.40707897187,4.66933462073,1.16976043395,0.528225806452,0.224669603524,0.718130311615,2.71186440678,-1.17256067235,7.43032038939
4.40809230419,0.354155251245,1.09046126775,0.00642398286938,0.0261660978385,0.0351545745431,0.19020979021,0.369951540335,0.642228978509,1.02282523869,0.174844755418,0.128038897893,0.133223684211,0.322259136213,0.590625,-1.63770769616,0.907237296675
15.3100077704,2.66202808566,6.32042443583,0.684210526316,2.06451612903,0.953017950244,0.910112359551,0.576525632208,2.07423143405,2.57963848232,1.01181265647,0.761557177616,0.133223684211,0.718130311615,1.4356846473,0.953034852794,6.96380134758
1.8999005384,0.074021543312,0.254224177163,0.0752688172043,0.31750339213,-0.0360798176981,0.19020979021,0.21735931503,0.039189995869,0.128385487976,-0.0381852013642,0.0463768115942,0.133223684211,0.0772277227723,0.263910969793,0.197724805899,0.0330357813164
33.106029687,6.03134866522,13.0186036047,2.41666666667,5.8,2.89881340473,1.50306748466,0.543927252897,2.60843406704,2.77620011543,2.10396159349,1.05084745763,0.133223684211,1.37391304348,2.05555555556,3.71890230681,16.3079100314
5.79457177696,0.831113343698,2.39103109077,0.164859002169,0.561085972851,0.139566185309,0.19020979021,0.221540102138,0.495417011308,0.652696599846,0.454287827973,0.128038897893,0.133223684211,0.322259136213,0.590625,1.13306834029,2.24194964081
26.1850934056,5.16169287142,11.8998989693,1.30626450116,14.0,2.55220031558,2.72521246459,1.35875368469,4.41237214603,6.10103567004,1.59877378673,0.761557177616,1.61734693878,1.65384615385,3.31428571429,-0.848294681724,14.4840635083
25.8962027588,4.32546744042,8.97418944117,0.67125984252,1.86475409836,2.26691607777,2.72521246459,1.23566591315,4.06202054505,5.44059012377,1.56135521648,0.615384615385,0.484304932735,1.03240740741,1.67678300455,4.41191201701,11.5371569219
18.5846296853,2.36255923132,5.41832193981,0.31990521327,1.92156862745,0.835698815706,0.576470588235,0.815793695627,2.93427157296,3.8280073203,1.4096240029,0.292753623188,0.696629213483,1.36460176991,1.73387096774,-1.19872668946,6.17322564371
1.18721677019,0.0779233163112,0.215240162649,0.00642398286938,0.0261660978385,-0.030303635712,0.19020979021,0.237034452342,0.0715880017826,0.230243619935,-0.0695406365475,0.0463768115942,0.133223684211,0.0772277227723,0.263910969793,-0.617871844584,0.0750962081984
15.1216502292,1.7609567428,4.13879671648,0.309090909091,1.86475409836,0.612235939762,0.576470588235,0.732448665379,2.24682222522,3.00484447262,0.904637498858,0.292753623188,0.484304932735,0.718130311615,2.17592592593,-2.20873025739,4.74902460702
4.02999874119,0.457053689873,1.07359636164,0.164859002169,0.561085972851,0.0954866973553,0.19020979021,0.316431000265,0.564054996687,0.827124296551,0.51805502089,0.128038897893,0.0328317373461,0.322259136213,0.590625,-0.399245006606,0.907112504241
34.7719612777,5.90777608067,13.1303716405,1.30626450116,4.5799522673,2.85070513122,2.18181818182,0.87696102577,3.52182246866,4.21202984286,3.08147947424,0.761557177616,0.224669603524,1.37391304348,3.23989218329,-2.67762318002,16.2205110527
26.2835380467,4.15837260632,8.90329584919,0.00642398286938,0.0261660978385,2.15143629761,3.4094488189,1.35092039364,4.35954390689,6.06345189832,2.24280944144,1.6625,1.61734693878,2.35796766744,3.23989218329,-3.35147040768,11.4076178138
10.4836415492,2.20291371286,4.98574433901,0.684210526316,1.67857142857,0.989746762006,0.576470588235,0.415659852207,1.09568729203,1.38154628948,0.651512513386,0.128038897893,0.0328317373461,0.507972665148,1.11805555556,-0.824206211979,6.15910148705
32.652657011,5.93861525941,13.0693959884,1.30626450116,3.64406779661,3.20289782726,3.4094488189,1.12210577225,4.04675912006,5.08223905685,3.07041071438,1.6625,0.696629213483,2.35796766744,2.35322195704,-1.27739445875,16.3251731981
5.49380200362,0.605758088472,1.63552347967,0.309090909091,0.823529411765,0.0126195757198,0.576470588235,0.253135395345,0.627425958499,0.78871052923,0.167775682782,0.0463768115942,0.133223684211,0.214689265537,0.590625,-0.717648525553,1.59744471944
30.5443472966,4.49667295216,10.0742437337,1.65976331361,4.12380952381,2.00519172322,2.18181818182,1.24891658238,4.66373948984,6.0235012141,2.27434095048,1.06998158379,0.322404371585,1.37391304348,1.88405797101,0.799397746266,11.9612403429
17.8111736276,3.01048907711,6.42851291014,0.31990521327,1.0,1.43319747007,0.910112359551,0.698907118331,2.36469300896,2.92504802151,1.82981198283,0.761557177616,0.224669603524,1.36460176991,1.4356846473,-0.498606720041,7.73979624892
3.25253721506,0.741498441285,1.71505963038,0.00642398286938,0.0261660978385,0.336363599458,0.19020979021,0.561055454584,0.985674737692,1.65818325616,0.160526499561,0.128038897893,0.194968553459,0.322259136213,0.590625,-0.732439384351,2.02210363278
30.9367135361,7.51243123575,16.9763277815,2.41666666667,4.5799522673,3.861141584,6.79032258065,0.611856508925,2.79498235582,3.12562823712,5.39740232594,1.06998158379,0.133223684211,2.35796766744,2.35322195704,3.24883760109,21.1615643386
10.0494113967,1.39570878999,3.109847723,0.00642398286938,0.0261660978385,0.544245443867,1.564,0.457288546082,1.34199455888,1.71564513226,0.783832835345,0.128038897893,0.0328317373461,0.507972665148,1.11805555556,-2.01811233387,3.6089349027
27.7264923454,5.04833838993,10.7543267605,1.30626450116,4.5799522673,2.44137395151,5.22222222222,0.594895089977,2.52292089921,2.8895691624,5.18246660816,1.06998158379,0.133223684211,2.35796766744,2.35322195704,1.30672212404,13.968680811
30.1820119,4.80411295013,10.4429632842,2.45652173913,7.25925925926,2.30168360703,3.4094488189,1.35385167491,4.68024009101,6.23757563129,1.78579573341,1.0,0.484304932735,7.0,3.23989218329,-3.06212057578,13.2467122701
13.6225140153,2.90969992222,7.00897831409,1.61739130435,4.12380952381,1.32606972039,2.18181818182,0.556422473296,1.64740341814,2.18230625211,0.837523072544,0.0,0.194968553459,2.0,1.11805555556,0.594006295742,8.19691183888
6.04190971143,1.25744432506,2.57190058825,0.309090909091,0.823529411765,0.740267647967,0.307692307692,0.342795756805,0.558245695732,0.77241487767,0.601781694,0.128038897893,0.0328317373461,0.322259136213,0.263910969793,-0.351510151357,3.37529159371
22.6589609659,4.38643972828,9.82502687763,1.0394265233,3.72865853659,2.41324512436,3.4094488189,0.768821745687,2.54963793845,3.29913929862,4.47546557788,0.761557177616,0.224669603524,2.35796766744,1.67678300455,1.19847324189,12.3007869511
38.7792947959,6.40553869439,13.9410083397,0.31990521327,1.0,3.45829812659,6.79032258065,1.91614706402,6.36517912391,8.62398604959,4.73094445114,2.83333333333,1.09917355372,2.35796766744,3.23989218329,-1.58398589137,17.5995613032
6.82596437147,1.19162213949,2.69154247727,4.5,0.561085972851,0.533137833766,0.19020979021,0.389781920378,0.851900504571,1.27291416969,1.57164744555,0.128038897893,0.133223684211,0.322259136213,0.590625,0.318652289271,3.31760806849
14.0456486806,1.71766928404,3.84180682348,0.67125984252,1.86475409836,0.438340344426,0.576470588235,0.267522507184,1.32659206852,1.37595442993,0.750955383031,0.479166666667,0.0328317373461,0.718130311615,1.67678300455,-0.797946819067,4.39312868076
1.39768561471,0.197257410252,0.263660110123,0.0752688172043,0.31750339213,-0.00461212948204,0.19020979021,0.243158316999,0.369680492244,0.52145566164,0.0589116729224,0.348837209302,0.0328317373461,0.0772277227723,0.263910969793,0.483162211846,0.321339559254
31.1138851997,4.88508938922,10.970170941,0.00642398286938,0.0261660978385,2.53642248879,4.71111111111,1.96786046159,6.51251824166,8.8958256687,1.77711925953,0.528225806452,1.01428571429,1.37391304348,3.23989218329,-6.10678061772,13.2431982203
25.741492609,4.11896427684,8.96334889467,0.67125984252,1.86475409836,1.95380221919,8.6,1.29229204606,4.32106796958,5.7361835793,2.31278357378,0.761557177616,0.628289473684,1.37391304348,3.23989218329,-1.00881543622,11.0572166096
31.3583584318,6.09449786883,13.3916299915,0.0752688172043,0.31750339213,3.14248040635,2.72521246459,1.44499816992,5.22658106832,6.87893961434,2.92483481711,0.761557177616,0.224669603524,1.36460176991,2.35322195704,1.52158861671,16.6583444865
16.2359332365,3.10493675535,6.37710820185,0.309090909091,1.86475409836,1.70948307034,2.72521246459,0.543585430197,1.8233340754,2.23405252765,1.70625613528,0.761557177616,0.133223684211,1.01612903226,1.4356846473,-0.794275876899,8.41443309927
23.5330460398,2.81446742556,6.19490071543,0.31990521327,1.92156862745,1.16926901111,3.25454545455,0.756990044486,2.49637837574,3.13792413467,2.23762736377,0.761557177616,0.673076923077,2.83333333333,2.38068181818,-0.173592257712,7.19592945414
2.45534619284,0.221088621258,0.495054507937,0.164859002169,0.31750339213,-0.0382169642741,0.19020979021,0.169877499865,0.210204860688,0.2581081844,0.0505544108927,0.0463768115942,0.0328317373461,0.0772277227723,0.263910969793,-0.119474092789,0.486258374278
28.8618346685,4.31982601419,9.64731388431,1.0394265233,2.06451612903,2.02018264631,11.3333333333,0.834472615976,3.1460108647,3.87813997675,6.31378464499,1.06998158379,0.224669603524,2.82407407407,2.35322195704,-1.90393811361,11.55804752
28.9035855624,7.16450463442,15.6264976602,1.0394265233,3.72865853659,3.95206840621,6.79032258065,1.24118529467,4.38627774903,5.76868703335,4.95295939518,1.6625,0.322404371585,2.82407407407,1.88405797101,5.28561637033,20.6636110734
34.4317920859,6.06396522996,13.7036688441,1.0394265233,3.72865853659,3.09364373956,5.22222222222,1.65873169048,5.94425855034,7.93931589802,3.3414612897,1.6625,1.61734693878,2.35796766744,3.31428571429,0.50924172048,16.6864855187
30.2598727603,7.31153159001,16.7125150456,0.0752688172043,0.31750339213,3.61215279246,3.4094488189,1.78158650038,5.91321516695,8.06236134268,3.05889475388,0.761557177616,1.09917355372,3.69230769231,3.23989218329,-0.0334081952783,20.486476495
20.3847534065,2.67952812174,6.1594237621,0.67125984252,1.86475409836,0.978433039439,3.0,0.378072067636,1.80999214673,1.87508722472,1.97594855499,0.292753623188,0.0328317373461,1.36460176991,1.67678300455,-0.752160459532,6.82333164068
23.5061173267,2.90312291735,6.52879029674,1.0394265233,2.77647058824,1.12422977612,1.564,1.0789407436,3.73633871178,4.99466733381,1.97463605309,0.761557177616,0.484304932735,1.36460176991,1.88405797101,3.24741343065,7.56712884057
19.2585798176,2.77279029134,6.27844956103,0.8,2.06451612903,1.1875345576,1.564,1.09756872267,3.35030540448,4.58673102226,1.61561792587,0.615384615385,0.484304932735,1.36460176991,1.5,-0.10633812177,7.21024899655
35.2448083792,5.03369843788,11.3641824618,1.30626450116,3.72865853659,2.19683848285,1.50306748466,0.760570484996,3.22115363197,3.70947660629,2.24818247482,1.06998158379,0.224669603524,0.718130311615,1.88405797101,-0.817583232125,13.2400946074
34.0877389872,4.63310088334,10.5972449217,1.61739130435,4.5799522673,1.6852961475,2.18181818182,1.22222305566,4.61269581816,5.86873706489,4.74175090254,0.761557177616,0.628289473684,2.82407407407,2.17592592593,3.12022049859,11.9389231414
11.9800245283,1.75444845146,4.55450666173,1.0394265233,0.561085972851,0.573162588489,0.19020979021,0.453417394704,1.24398489916,1.68942621578,0.664014178529,0.128038897893,0.133223684211,0.322259136213,0.590625,0.84467882666,4.55164185657
34.7276325246,8.99717855336,19.5063425964,2.51685393258,8.67741935484,4.89123065241,6.79032258065,0.862652581226,3.62286525838,4.4038261997,4.92448671733,1.06998158379,0.364341085271,2.82407407407,1.88405797101,4.21956456489,25.867143015
16.6237101402,3.4597064662,7.4475461655,1.30626450116,4.12380952381,1.98024520002,2.18181818182,0.902944340124,2.57863857628,3.60847511587,1.25027598187,0.761557177616,0.322404371585,0.507972665148,2.0,2.87672431259,9.75473157898
21.0507636786,4.56086379126,9.04460183117,1.65976331361,4.12380952381,2.87140432685,4.3125,0.555653501709,1.8840007044,2.28438530833,1.80391509717,0.761557177616,0.133223684211,1.37391304348,1.4356846473,-3.26920506606,12.7446234113
33.7738611977,7.65747815944,16.4582948877,0.0752688172043,0.31750339213,4.26937132842,6.79032258065,1.54814392485,5.54021302937,7.35048228101,2.91635382619,0.761557177616,1.61734693878,2.35796766744,3.23989218329,-0.249032923541,21.6780938214
2.05186431746,0.130257059161,0.236437706182,0.164859002169,0.31750339213,-0.0574981288848,0.19020979021,0.197010591123,0.276711291625,0.353793184026,0.11492503862,0.128038897893,0.133223684211,0.0772277227723,0.263910969793,-0.356808104117,0.111158668851
23.132365254,4.45458522435,9.72308911016,0.31990521327,1.92156862745,2.33277858345,4.3125,0.743375485715,2.69254691376,3.39243442216,1.73698499312,0.761557177616,0.224669603524,1.37391304348,1.88405797101,-0.32578338273,12.4814150208
0.829796831146,-0.0280084881792,0.004562031565,0.00642398286938,0.0261660978385,-0.100303213623,0.19020979021,0.19781640409,-0.00496867159291,0.0886971373452,-0.0617485125443,0.0463768115942,0.0328317373461,0.214689265537,0.263910969793,-1.97187828843,-0.217750348551
17.2997860962,2.90842741721,6.30266423498,0.00642398286938,0.0261660978385,1.35555642853,0.910112359551,0.832877681521,2.90901310096,3.66622384499,1.04332584721,0.292753623188,0.364341085271,0.718130311615,2.17592592593,0.436409873834,7.55546018708
6.93287111746,0.83764454226,1.7264319687,0.164859002169,4.33333333333,0.29485483074,0.19020979021,0.344985871682,0.824007691941,1.08659855756,0.535933317264,0.128038897893,0.0328317373461,0.322259136213,0.590625,0.671060531705,2.13930865691
4.36987666959,0.498662633183,1.26597699464,0.0752688172043,0.31750339213,0.121393226787,0.19020979021,0.309719611912,0.57693769647,0.808987493377,0.273082788189,0.128038897893,0.0328317373461,0.0772277227723,0.263910969793,-0.0903586670938,1.19633581144
3.1673718411,0.220229180326,0.887159268053,0.164859002169,0.561085972851,-0.0986068987459,0.19020979021,0.229373605569,0.185268425175,0.326753796445,0.0647927281087,0.0463768115942,0.133223684211,0.0772277227723,0.263910969793,0.0561507871676,0.415407981045
2.10863379676,0.169422421782,0.512592179877,0.164859002169,0.31750339213,0.0134454366975,0.19020979021,0.241732639936,0.109172469983,0.262957447002,0.133596663541,0.128038897893,0.0328317373461,0.0772277227723,0.263910969793,-0.989785062383,0.398324372232
19.007089107,2.70162171576,6.39203122884,0.67125984252,1.86475409836,0.864289192156,0.910112359551,0.845415189332,2.76805003377,3.69566198219,0.918891622353,0.292753623188,0.364341085271,0.718130311615,1.67678300455,-0.100760657573,7.06167106571
10.739823468,1.28105539382,2.90848884705,0.8,8.0,0.438041362836,0.576470588235,0.687870067357,1.86728675671,2.55896423483,0.66993368821,0.106557377049,0.224669603524,0.507972665148,1.40540540541,0.143920964138,3.30315967808
27.2225922662,4.99298684809,10.1587710267,0.00642398286938,0.0261660978385,2.68450527848,4.71111111111,2.39969634361,7.45232657709,10.6092258608,1.21137428624,0.528225806452,2.0,1.37391304348,3.52380952381,0.624226063682,13.4347306258
12.2997763717,1.59714072496,3.78752958933,0.309090909091,1.86475409836,0.57198999891,1.0,0.416601221335,1.12501636142,1.40300696236,1.62236946165,0.479166666667,0.0328317373461,1.01612903226,0.961904761905,-2.09099933808,4.21881543056
4.82344094607,0.53714440134,1.07251610495,0.164859002169,0.31750339213,0.185078593584,0.19020979021,0.253854391147,0.478134610792,0.650533043999,0.59317034142,0.128038897893,0.0328317373461,0.617647058824,0.263910969793,-1.80658679596,1.28675285372
4.34087884554,0.289034502983,0.638953803375,0.00642398286938,0.0261660978385,-0.00587166461497,0.19020979021,0.38386214878,0.737360391276,1.04597815116,0.0570912381035,0.0463768115942,0.133223684211,0.0772277227723,0.263910969793,0.334036906789,0.496609414466
19.3542775461,2.63626237488,5.67926914939,0.67125984252,1.86475409836,1.08654189081,0.576470588235,0.447625421256,1.58816877229,1.86573749548,2.11417553626,0.761557177616,0.0328317373461,1.36460176991,2.38068181818,1.20743500782,6.8877920144
